{"plugins":{"cordova-plugin-geolocation":"C:\\Users\\Mpc\\AppData\\Roaming\\npm\\node_modules\\cordova-simulate\\src\\plugins\\cordova-plugin-geolocation","exec":"C:\\Users\\Mpc\\AppData\\Roaming\\npm\\node_modules\\cordova-simulate\\src\\plugins\\exec","events":"C:\\Users\\Mpc\\AppData\\Roaming\\npm\\node_modules\\cordova-simulate\\src\\plugins\\events","cordova-plugin-device":"C:\\Users\\Mpc\\AppData\\Roaming\\npm\\node_modules\\cordova-simulate\\src\\plugins\\cordova-plugin-device","cordova-plugin-battery-status":"C:\\Users\\Mpc\\AppData\\Roaming\\npm\\node_modules\\cordova-simulate\\src\\plugins\\cordova-plugin-battery-status","android-platform-core":"C:\\Users\\Mpc\\AppData\\Roaming\\npm\\node_modules\\cordova-simulate\\src\\platforms\\android"},"files":{"C:\\Users\\Mpc\\AppData\\Roaming\\npm\\node_modules\\cordova-simulate\\src\\app-host\\app-host.js":1713079990636,"C:\\Users\\Mpc\\AppData\\Roaming\\npm\\node_modules\\cordova-simulate\\src\\modules\\event.js":1713079990703,"C:\\Users\\Mpc\\AppData\\Roaming\\npm\\node_modules\\cordova-simulate\\src\\modules\\db.js":1713079990687,"C:\\Users\\Mpc\\AppData\\Roaming\\npm\\node_modules\\cordova-simulate\\src\\modules\\messages.js":1713079990785,"C:\\Users\\Mpc\\AppData\\Roaming\\npm\\node_modules\\cordova-simulate\\src\\modules\\argscheck.js":1713079990651,"C:\\Users\\Mpc\\AppData\\Roaming\\npm\\node_modules\\cordova-simulate\\src\\modules\\exception.js":1713079990704,"C:\\Users\\Mpc\\AppData\\Roaming\\npm\\node_modules\\cordova-simulate\\src\\modules\\sim-constants.js":1713079990833,"C:\\Users\\Mpc\\AppData\\Roaming\\npm\\node_modules\\cordova-simulate\\src\\modules\\utils.js":1713079990899,"C:\\Users\\Mpc\\AppData\\Roaming\\npm\\node_modules\\cordova-simulate\\src\\modules\\polyfills.js":1713079990816,"C:\\Users\\Mpc\\AppData\\Roaming\\npm\\node_modules\\cordova-simulate\\src\\modules\\telemetry-helper.js":1713079990891,"C:\\Users\\Mpc\\AppData\\Roaming\\npm\\node_modules\\cordova-simulate\\src\\modules\\xhr-proxy.js":1713079990907,"C:\\Users\\Mpc\\AppData\\Roaming\\npm\\node_modules\\cordova-simulate\\src\\third-party\\socket.io.js":1713079990885,"C:\\Users\\Mpc\\AppData\\Roaming\\npm\\node_modules\\cordova-simulate\\src\\third-party\\jquery.min.js":1713079990771,"C:\\Users\\Mpc\\AppData\\Roaming\\npm\\node_modules\\cordova-simulate\\src\\third-party\\webcomponents.min.js":1713079990906,"C:\\Users\\Mpc\\AppData\\Roaming\\npm\\node_modules\\cordova-simulate\\src\\plugins\\events\\app-host.js":1713079990648,"C:\\Users\\Mpc\\AppData\\Roaming\\npm\\node_modules\\cordova-simulate\\src\\plugins\\cordova-plugin-geolocation\\app-host-clobbers.js":1713079990617,"C:\\Users\\Mpc\\AppData\\Roaming\\npm\\node_modules\\cordova-simulate\\src\\plugins\\cordova-plugin-device\\app-host.js":1713079990639,"C:\\Users\\Mpc\\AppData\\Roaming\\npm\\node_modules\\cordova-simulate\\src\\platforms\\android\\app-host-handlers.js":1713079990621,"C:\\Users\\Mpc\\AppData\\Roaming\\npm\\node_modules\\cordova-simulate\\src\\app-host\\live-reload-client.js":1713079990776,"C:\\Users\\Mpc\\AppData\\Roaming\\npm\\node_modules\\cordova-simulate\\src\\app-host\\touch-events.js":1713079990897,"C:\\Users\\Mpc\\AppData\\Roaming\\npm\\node_modules\\cordova-simulate\\src\\plugins\\cordova-plugin-geolocation\\Position.js":1713079990817,"C:\\Users\\Mpc\\AppData\\Roaming\\npm\\node_modules\\cordova-simulate\\src\\plugins\\cordova-plugin-geolocation\\PositionError.js":1713079990819,"C:\\Users\\Mpc\\AppData\\Roaming\\npm\\node_modules\\cordova-simulate\\node_modules\\url\\url.js":1713079989430,"C:\\Users\\Mpc\\AppData\\Roaming\\npm\\node_modules\\cordova-simulate\\src\\plugins\\cordova-plugin-geolocation\\Coordinates.js":1713079990674,"C:\\Users\\Mpc\\AppData\\Roaming\\npm\\node_modules\\cordova-simulate\\node_modules\\punycode\\punycode.js":1713079989076,"C:\\Users\\Mpc\\AppData\\Roaming\\npm\\node_modules\\cordova-simulate\\node_modules\\url\\node_modules\\qs\\lib\\index.js":1713079989416,"C:\\Users\\Mpc\\AppData\\Roaming\\npm\\node_modules\\cordova-simulate\\node_modules\\url\\node_modules\\qs\\lib\\formats.js":1713079989343,"C:\\Users\\Mpc\\AppData\\Roaming\\npm\\node_modules\\cordova-simulate\\node_modules\\url\\node_modules\\qs\\lib\\stringify.js":1713079989812,"C:\\Users\\Mpc\\AppData\\Roaming\\npm\\node_modules\\cordova-simulate\\node_modules\\url\\node_modules\\qs\\lib\\parse.js":1713079989500,"C:\\Users\\Mpc\\AppData\\Roaming\\npm\\node_modules\\cordova-simulate\\node_modules\\url\\node_modules\\qs\\lib\\utils.js":1713079989876,"C:\\Users\\Mpc\\AppData\\Roaming\\npm\\node_modules\\cordova-simulate\\node_modules\\side-channel\\index.js":1713079989245,"C:\\Users\\Mpc\\AppData\\Roaming\\npm\\node_modules\\cordova-simulate\\node_modules\\es-errors\\type.js":1713079989536,"C:\\Users\\Mpc\\AppData\\Roaming\\npm\\node_modules\\cordova-simulate\\node_modules\\call-bind\\callBound.js":1713079989261,"C:\\Users\\Mpc\\AppData\\Roaming\\npm\\node_modules\\cordova-simulate\\node_modules\\get-intrinsic\\index.js":1713079989289,"C:\\Users\\Mpc\\AppData\\Roaming\\npm\\node_modules\\cordova-simulate\\node_modules\\object-inspect\\index.js":1713079989915,"C:\\Users\\Mpc\\AppData\\Roaming\\npm\\node_modules\\cordova-simulate\\node_modules\\browser-resolve\\empty.js":1713079988898,"C:\\Users\\Mpc\\AppData\\Roaming\\npm\\node_modules\\cordova-simulate\\node_modules\\es-errors\\eval.js":1713079989058,"C:\\Users\\Mpc\\AppData\\Roaming\\npm\\node_modules\\cordova-simulate\\node_modules\\es-errors\\syntax.js":1713079989487,"C:\\Users\\Mpc\\AppData\\Roaming\\npm\\node_modules\\cordova-simulate\\node_modules\\es-errors\\range.js":1713079989365,"C:\\Users\\Mpc\\AppData\\Roaming\\npm\\node_modules\\cordova-simulate\\node_modules\\es-errors\\ref.js":1713079989436,"C:\\Users\\Mpc\\AppData\\Roaming\\npm\\node_modules\\cordova-simulate\\node_modules\\es-errors\\uri.js":1713079989570,"C:\\Users\\Mpc\\AppData\\Roaming\\npm\\node_modules\\cordova-simulate\\node_modules\\es-errors\\index.js":1713079989159,"C:\\Users\\Mpc\\AppData\\Roaming\\npm\\node_modules\\cordova-simulate\\node_modules\\has-symbols\\index.js":1713079989388,"C:\\Users\\Mpc\\AppData\\Roaming\\npm\\node_modules\\cordova-simulate\\node_modules\\has-proto\\index.js":1713079989056,"C:\\Users\\Mpc\\AppData\\Roaming\\npm\\node_modules\\cordova-simulate\\node_modules\\hasown\\index.js":1713079989155,"C:\\Users\\Mpc\\AppData\\Roaming\\npm\\node_modules\\cordova-simulate\\node_modules\\function-bind\\index.js":1713079989366,"C:\\Users\\Mpc\\AppData\\Roaming\\npm\\node_modules\\cordova-simulate\\node_modules\\call-bind\\index.js":1713079989439,"C:\\Users\\Mpc\\AppData\\Roaming\\npm\\node_modules\\cordova-simulate\\node_modules\\has-symbols\\shams.js":1713079989527,"C:\\Users\\Mpc\\AppData\\Roaming\\npm\\node_modules\\cordova-simulate\\node_modules\\function-bind\\implementation.js":1713079989276,"C:\\Users\\Mpc\\AppData\\Roaming\\npm\\node_modules\\cordova-simulate\\node_modules\\es-define-property\\index.js":1713079989159,"C:\\Users\\Mpc\\AppData\\Roaming\\npm\\node_modules\\cordova-simulate\\node_modules\\set-function-length\\index.js":1713079989246,"C:\\Users\\Mpc\\AppData\\Roaming\\npm\\node_modules\\cordova-simulate\\node_modules\\has-property-descriptors\\index.js":1713079989157,"C:\\Users\\Mpc\\AppData\\Roaming\\npm\\node_modules\\cordova-simulate\\node_modules\\define-data-property\\index.js":1713079989162,"C:\\Users\\Mpc\\AppData\\Roaming\\npm\\node_modules\\cordova-simulate\\node_modules\\gopd\\index.js":1713079989056}}