{"plugins":{"cordova-plugin-geolocation":"C:\\Users\\Mpc\\AppData\\Roaming\\npm\\node_modules\\cordova-simulate\\src\\plugins\\cordova-plugin-geolocation","exec":"C:\\Users\\Mpc\\AppData\\Roaming\\npm\\node_modules\\cordova-simulate\\src\\plugins\\exec","events":"C:\\Users\\Mpc\\AppData\\Roaming\\npm\\node_modules\\cordova-simulate\\src\\plugins\\events","cordova-plugin-device":"C:\\Users\\Mpc\\AppData\\Roaming\\npm\\node_modules\\cordova-simulate\\src\\plugins\\cordova-plugin-device","cordova-plugin-battery-status":"C:\\Users\\Mpc\\AppData\\Roaming\\npm\\node_modules\\cordova-simulate\\src\\plugins\\cordova-plugin-battery-status","android-platform-core":"C:\\Users\\Mpc\\AppData\\Roaming\\npm\\node_modules\\cordova-simulate\\src\\platforms\\android"},"files":{"C:\\Users\\Mpc\\AppData\\Roaming\\npm\\node_modules\\cordova-simulate\\src\\modules\\event.js":1713079990703,"C:\\Users\\Mpc\\AppData\\Roaming\\npm\\node_modules\\cordova-simulate\\src\\modules\\db.js":1713079990687,"C:\\Users\\Mpc\\AppData\\Roaming\\npm\\node_modules\\cordova-simulate\\src\\modules\\argscheck.js":1713079990651,"C:\\Users\\Mpc\\AppData\\Roaming\\npm\\node_modules\\cordova-simulate\\src\\modules\\exception.js":1713079990704,"C:\\Users\\Mpc\\AppData\\Roaming\\npm\\node_modules\\cordova-simulate\\src\\modules\\messages.js":1713079990785,"C:\\Users\\Mpc\\AppData\\Roaming\\npm\\node_modules\\cordova-simulate\\src\\modules\\telemetry-helper.js":1713079990891,"C:\\Users\\Mpc\\AppData\\Roaming\\npm\\node_modules\\cordova-simulate\\src\\modules\\polyfills.js":1713079990816,"C:\\Users\\Mpc\\AppData\\Roaming\\npm\\node_modules\\cordova-simulate\\src\\modules\\sim-constants.js":1713079990833,"C:\\Users\\Mpc\\AppData\\Roaming\\npm\\node_modules\\cordova-simulate\\src\\modules\\xhr-proxy.js":1713079990907,"C:\\Users\\Mpc\\AppData\\Roaming\\npm\\node_modules\\cordova-simulate\\src\\modules\\utils.js":1713079990899,"C:\\Users\\Mpc\\AppData\\Roaming\\npm\\node_modules\\cordova-simulate\\src\\third-party\\jquery.min.js":1713079990771,"C:\\Users\\Mpc\\AppData\\Roaming\\npm\\node_modules\\cordova-simulate\\src\\third-party\\socket.io.js":1713079990885,"C:\\Users\\Mpc\\AppData\\Roaming\\npm\\node_modules\\cordova-simulate\\src\\third-party\\webcomponents.min.js":1713079990906,"C:\\Users\\Mpc\\AppData\\Roaming\\npm\\node_modules\\cordova-simulate\\src\\modules\\sim-host\\sim-status.js":1713079990874,"C:\\Users\\Mpc\\AppData\\Roaming\\npm\\node_modules\\cordova-simulate\\src\\modules\\sim-host\\dialog.js":1713079990699,"C:\\Users\\Mpc\\AppData\\Roaming\\npm\\node_modules\\cordova-simulate\\src\\sim-host\\ui\\sim-host.js":1713079990872,"C:\\Users\\Mpc\\AppData\\Roaming\\npm\\node_modules\\cordova-simulate\\src\\plugins\\cordova-plugin-geolocation\\sim-host.js":1713079990866,"C:\\Users\\Mpc\\AppData\\Roaming\\npm\\node_modules\\cordova-simulate\\src\\plugins\\cordova-plugin-geolocation\\sim-host-handlers.js":1713079990847,"C:\\Users\\Mpc\\AppData\\Roaming\\npm\\node_modules\\cordova-simulate\\src\\plugins\\events\\sim-host.js":1713079990870,"C:\\Users\\Mpc\\AppData\\Roaming\\npm\\node_modules\\cordova-simulate\\src\\plugins\\exec\\sim-host-handlers.js":1713079990856,"C:\\Users\\Mpc\\AppData\\Roaming\\npm\\node_modules\\cordova-simulate\\src\\plugins\\exec\\sim-host.js":1713079990871,"C:\\Users\\Mpc\\AppData\\Roaming\\npm\\node_modules\\cordova-simulate\\src\\plugins\\cordova-plugin-device\\sim-host-handlers.js":1713079990844,"C:\\Users\\Mpc\\AppData\\Roaming\\npm\\node_modules\\cordova-simulate\\src\\plugins\\cordova-plugin-battery-status\\sim-host-handlers.js":1713079990837,"C:\\Users\\Mpc\\AppData\\Roaming\\npm\\node_modules\\cordova-simulate\\src\\platforms\\android\\sim-host-handlers.js":1713079990836,"C:\\Users\\Mpc\\AppData\\Roaming\\npm\\node_modules\\cordova-simulate\\src\\plugins\\cordova-plugin-device\\sim-host.js":1713079990864,"C:\\Users\\Mpc\\AppData\\Roaming\\npm\\node_modules\\cordova-simulate\\src\\plugins\\cordova-plugin-battery-status\\sim-host.js":1713079990859,"C:\\Users\\Mpc\\AppData\\Roaming\\npm\\node_modules\\cordova-simulate\\src\\sim-host\\protocol\\socket.js":1713079990889,"C:\\Users\\Mpc\\AppData\\Roaming\\npm\\node_modules\\cordova-simulate\\src\\plugins\\cordova-plugin-battery-status\\battery.js":1713079990653,"C:\\Users\\Mpc\\AppData\\Roaming\\npm\\node_modules\\cordova-simulate\\src\\plugins\\cordova-plugin-geolocation\\geo-model.js":1713079990710,"C:\\Users\\Mpc\\AppData\\Roaming\\npm\\node_modules\\cordova-simulate\\src\\plugins\\cordova-plugin-geolocation\\PositionError.js":1713079990819,"C:\\Users\\Mpc\\AppData\\Roaming\\npm\\node_modules\\cordova-simulate\\src\\sim-host\\ui\\custom-elements.js":1713079990684,"C:\\Users\\Mpc\\AppData\\Roaming\\npm\\node_modules\\cordova-simulate\\src\\plugins\\exec\\saved-sims.js":1713079990828,"C:\\Users\\Mpc\\AppData\\Roaming\\npm\\node_modules\\cordova-simulate\\src\\plugins\\cordova-plugin-device\\device-model.js":1713079990691,"C:\\Users\\Mpc\\AppData\\Roaming\\npm\\node_modules\\cordova-simulate\\src\\devices\\os-versions.json":1713079990927}}