{
  "prepare_queue": {
    "installed": [],
    "uninstalled": []
  },
  "config_munge": {
    "files": {
      "res/xml/config.xml": {
        "parents": {
          "/*": [
            {
              "xml": "<feature name=\"Device\"><param name=\"android-package\" value=\"org.apache.cordova.device.Device\" /></feature>",
              "count": 1
            },
            {
              "xml": "<feature name=\"Battery\"><param name=\"android-package\" value=\"org.apache.cordova.batterystatus.BatteryListener\" /></feature>",
              "count": 1
            }
          ]
        }
      }
    }
  },
  "installed_plugins": {
    "cordova-plugin-device": {
      "PACKAGE_NAME": "io.cordova.OnsenMagic"
    },
    "cordova-plugin-battery-status": {
      "PACKAGE_NAME": "io.cordova.OnsenMagic"
    }
  },
  "dependent_plugins": {},
  "modules": [
    {
      "id": "cordova-plugin-device.device",
      "file": "plugins/cordova-plugin-device/www/device.js",
      "pluginId": "cordova-plugin-device",
      "clobbers": [
        "device"
      ]
    },
    {
      "id": "cordova-plugin-battery-status.battery",
      "file": "plugins/cordova-plugin-battery-status/www/battery.js",
      "pluginId": "cordova-plugin-battery-status",
      "clobbers": [
        "navigator.battery"
      ]
    }
  ],
  "plugin_metadata": {
    "cordova-plugin-device": "2.1.0",
    "cordova-plugin-battery-status": "2.0.3"
  }
}
